﻿<?xml version="1.0" encoding="UTF-8"?>
<discussioni>
<discussione>
<codiceDiscussione></codiceDiscussione>
<Titolo></Titolo>
<dataCreazioneD></dataCreazioneD>
<nomeUtenteCreatoreDiscussione></nomeUtenteCreatoreDiscussione>
<MediaDiRiferimento></MediaDiRiferimento>
<Categoria></Categoria>
<Sottocategoria></Sottocategoria>
<CategoriaSpoiler></CategoriaSpoiler>
<SpoilerLevel></SpoilerLevel>
<Descrizione></Descrizione>
<ModeratoriEletti>
<nomeUtenteModeratore></nomeUtenteModeratore>
</ModeratoriEletti>
<listaPost>
<post>
<codicePost></codicePost>
<utenteCreatorePost></utenteCreatorePost>
<dataCreazione></dataCreazione>
<oraCreazione></oraCreazione>
<utenteDestRisposta></utenteDestRisposta>
<filePost>
<fileSrc></fileSrc>
</filePost>
<valPostAccordanza>
<valutazioneAcc>
<data></data>
<valore></valore>
<nomeUtente></nomeUtente>
</valutazioneAcc>
</valPostAccordanza>
<valPostUtilità>
<valUt>
<data></data>
<valore></valore>
<nomeUtente></nomeUtente>
</valUt>
</valPostUtilità>
<valPostConc>
<valConc>
<data></data>
<valore></valore>
<nomeUtente></nomeUtente>
</valConc>
</valPostConc>
</post>
</listaPost>
<valutazioniDiscussioneAccordanza>
<valutazioneDiscussioneAccordanza>
<data></data>
<valore></valore>
<nomeUtente></nomeUtente>
</valutazioneDiscussioneAccordanza>
</valutazioniDiscussioneAccordanza>
<valutazioniDiscussioneSpoiler>
<valutazioneDiscussioneSpoiler>
<data></data>
<valore></valore>
<nomeUtente></nomeUtente>
</valutazioneDiscussioneSpoiler>
</valutazioniDiscussioneSpoiler>
<valutazioniDiscussioneUtilità>
<valDiscUt>
<data></data>
<valore></valore>
<nomeUtente></nomeUtente>
</valDiscUt>
</valutazioniDiscussioneUtilità>
<statoDiscussione></statoDiscussione>
<utentiSospesi>
<nomeUtente></nomeUtente>
</utentiSospesi>
</discussione>
</discussioni>